case_id,split,class_label,class_id,record_id,chunk_id,snapshot_pred_class,final_pred_class,final_pred_label,correct,final_mem_NSR,final_mem_CHF,final_mem_ARR,final_mem_AFF
0,train,NSR,0,16265,41,0,0,NSR,1,594,24,-288,-328
2,train,NSR,0,16265,222,0,0,NSR,1,425,60,-24,-460
4,train,NSR,0,16265,404,0,0,NSR,1,638,-44,-304,-288
6,train,NSR,0,16265,586,0,0,NSR,1,502,248,-468,-280
8,train,NSR,0,16265,751,2,0,NSR,1,308,136,112,-556
10,train,NSR,0,16265,932,0,0,NSR,1,489,56,-176,-368
12,train,NSR,0,16265,1114,0,0,NSR,1,425,40,-104,-360
14,train,NSR,0,16265,1295,0,0,NSR,1,694,-100,-284,-308
16,train,NSR,0,16265,1477,0,0,NSR,1,898,-196,-80,-620
18,train,NSR,0,16265,1642,0,0,NSR,1,677,-100,-76,-500
20,train,NSR,0,16265,1824,0,0,NSR,1,730,-92,-164,-472
22,train,NSR,0,16265,2005,0,0,NSR,1,489,-100,-160,-228
24,train,NSR,0,16265,2187,0,0,NSR,1,766,-200,-292,-272
26,train,NSR,0,16265,2368,0,0,NSR,1,770,-264,-168,-336
28,train,NSR,0,16265,2533,0,0,NSR,1,930,-356,-300,-272
30,train,NSR,0,16272,8,2,1,CHF,0,20,44,28,-92
32,train,NSR,0,16272,72,0,0,NSR,1,518,-172,-48,-296
34,train,NSR,0,16272,121,2,0,NSR,1,328,-264,72,-136
36,train,NSR,0,16272,170,0,0,NSR,1,471,-168,-52,-248
38,train,NSR,0,16272,235,0,0,NSR,1,570,-144,-8,-416
40,train,NSR,0,16272,283,0,0,NSR,1,599,-248,-128,-220
42,train,NSR,0,16272,332,0,0,NSR,1,416,60,-176,-300
44,train,NSR,0,16272,397,0,0,NSR,1,626,-236,-8,-380
46,train,NSR,0,16272,445,2,2,ARR,0,-28,4,44,-20
48,train,NSR,0,16272,494,2,2,ARR,0,172,-244,217,-144
50,train,NSR,0,16272,559,2,0,NSR,1,232,-96,32,-168
52,train,NSR,0,16272,607,0,0,NSR,1,524,-336,0,-188
54,train,NSR,0,16272,656,2,0,NSR,1,276,4,164,-444
56,train,NSR,0,16272,721,3,3,AFF,0,108,-132,-92,117
58,train,NSR,0,16272,770,2,0,NSR,1,24,20,-24,-20
60,train,NSR,0,16273,39,0,0,NSR,1,846,-64,-132,-648
62,train,NSR,0,16273,199,0,0,NSR,1,698,-88,-184,-424
64,train,NSR,0,16273,375,0,0,NSR,1,582,92,-272,-400
66,train,NSR,0,16273,535,0,0,NSR,1,685,-160,-160,-364
68,train,NSR,0,16273,695,0,0,NSR,1,682,56,44,-780
70,train,NSR,0,16273,870,0,0,NSR,1,698,-88,-184,-424
72,train,NSR,0,16273,1030,0,0,NSR,1,798,8,-228,-576
74,train,NSR,0,16273,1190,0,0,NSR,1,894,-104,-180,-608
76,train,NSR,0,16273,1366,0,0,NSR,1,874,-92,-136,-644
78,train,NSR,0,16273,1525,0,0,NSR,1,754,-108,-168,-476
80,train,NSR,0,16273,1685,0,0,NSR,1,658,-20,-252,-384
82,train,NSR,0,16273,1861,0,0,NSR,1,906,-76,-156,-672
84,train,NSR,0,16273,2021,2,0,NSR,1,536,-204,166,-496
86,train,NSR,0,16273,2181,2,0,NSR,1,508,-264,118,-360
88,train,NSR,0,16273,2356,2,0,NSR,1,448,-312,45,-180
90,train,NSR,0,16420,38,0,0,NSR,1,663,-220,20,-460
92,train,NSR,0,16420,209,0,0,NSR,1,523,-200,-76,-244
94,train,NSR,0,16420,396,0,0,NSR,1,603,-88,-200,-312
96,train,NSR,0,16420,567,0,0,NSR,1,165,96,-176,-84
98,train,NSR,0,16420,738,0,0,NSR,1,390,-184,-116,-88
100,train,NSR,0,16420,909,0,0,NSR,1,555,-184,-96,-272
102,train,NSR,0,16420,1080,0,0,NSR,1,515,-204,-116,-192
104,train,NSR,0,16420,1251,0,0,NSR,1,514,-260,40,-292
106,train,NSR,0,16420,1422,0,0,NSR,1,506,-216,-40,-248
108,train,NSR,0,16420,1594,0,0,NSR,1,554,-224,8,-336
110,train,NSR,0,16420,1780,0,0,NSR,1,575,-272,56,-356
112,train,NSR,0,16420,1951,0,0,NSR,1,703,-204,8,-504
114,train,NSR,0,16420,2122,0,0,NSR,1,395,-76,-80,-236
116,train,NSR,0,16420,2293,0,0,NSR,1,535,-208,-8,-316
118,train,NSR,0,16420,2464,0,0,NSR,1,586,-256,-28,-300
120,train,NSR,0,16483,42,0,0,NSR,1,253,96,80,-428
122,train,NSR,0,16483,210,0,0,NSR,1,197,88,-96,-188
124,train,NSR,0,16483,378,0,0,NSR,1,356,196,-112,-440
126,train,NSR,0,16483,547,0,0,NSR,1,225,-20,-96,-108
128,train,NSR,0,16483,715,0,0,NSR,1,298,-68,-200,-28
130,train,NSR,0,16483,883,0,0,NSR,1,458,-92,-44,-320
132,train,NSR,0,16483,1052,0,0,NSR,1,298,-68,-200,-28
134,train,NSR,0,16483,1220,0,0,NSR,1,522,124,-152,-492
136,train,NSR,0,16483,1405,0,0,NSR,1,490,-136,-80,-272
138,train,NSR,0,16483,1573,0,0,NSR,1,566,-164,88,-488
140,train,NSR,0,16483,1742,0,0,NSR,1,369,96,-84,-380
142,train,NSR,0,16483,1910,0,0,NSR,1,598,-144,-24,-428
144,train,NSR,0,16483,2078,0,0,NSR,1,747,-252,24,-516
146,train,NSR,0,16483,2247,0,0,NSR,1,618,-112,76,-580
148,train,NSR,0,16483,2415,0,0,NSR,1,490,-136,-80,-272
150,train,NSR,0,16539,40,0,0,NSR,1,286,24,56,-364
152,train,NSR,0,16539,232,2,2,ARR,0,188,-324,204,-68
154,train,NSR,0,16539,424,3,3,AFF,0,-124,-268,137,257
156,train,NSR,0,16539,617,0,0,NSR,1,262,20,-120,-160
158,train,NSR,0,16539,793,0,0,NSR,1,306,-304,4,-4
160,train,NSR,0,16539,985,0,0,NSR,1,326,-20,-164,-140
162,train,NSR,0,16539,1177,2,3,AFF,0,-340,-168,245,264
164,train,NSR,0,16539,1370,2,0,NSR,1,200,-420,72,148
166,train,NSR,0,16539,1546,0,0,NSR,1,389,-232,4,-160
168,train,NSR,0,16539,1738,0,0,NSR,1,566,-296,52,-320
170,train,NSR,0,16539,1931,0,0,NSR,1,538,-328,-64,-144
172,train,NSR,0,16539,2123,0,0,NSR,1,484,-460,-128,104
174,train,NSR,0,16539,2299,2,0,NSR,1,292,-436,141,4
176,train,NSR,0,16539,2492,2,0,NSR,1,232,-360,12,116
178,train,NSR,0,16539,2684,2,0,NSR,1,252,-380,56,72
180,train,NSR,0,16773,39,2,0,NSR,1,572,-124,210,-656
182,train,NSR,0,16773,211,2,0,NSR,1,260,36,188,-484
184,train,NSR,0,16773,398,2,1,CHF,0,204,288,264,-756
186,train,NSR,0,16773,570,1,1,CHF,0,284,300,200,-784
188,train,NSR,0,16773,742,2,0,NSR,1,436,-172,278,-540
190,train,NSR,0,16773,914,2,0,NSR,1,596,-192,303,-704
192,train,NSR,0,16773,1086,2,0,NSR,1,308,32,181,-520
194,train,NSR,0,16773,1258,2,0,NSR,1,276,44,250,-568
196,train,NSR,0,16773,1430,2,0,NSR,1,308,-60,249,-496
198,train,NSR,0,16773,1602,2,0,NSR,1,704,-192,54,-564
200,train,NSR,0,16773,1789,2,0,NSR,1,764,-296,134,-600
202,train,NSR,0,16773,1961,2,2,ARR,0,184,-452,383,-112
204,train,NSR,0,16773,2133,2,2,ARR,0,-84,-324,458,-48
206,train,NSR,0,16773,2305,2,2,ARR,0,12,-116,395,-288
208,train,NSR,0,16773,2477,2,0,NSR,1,652,-156,166,-660
210,train,NSR,0,16786,39,0,0,NSR,1,842,-152,-152,-536
212,train,NSR,0,16786,231,0,0,NSR,1,666,-96,-200,-368
214,train,NSR,0,16786,423,0,0,NSR,1,714,-104,-316,-292
216,train,NSR,0,16786,598,0,0,NSR,1,838,-180,-88,-568
218,train,NSR,0,16786,790,0,0,NSR,1,617,48,-116,-548
220,train,NSR,0,16786,981,0,0,NSR,1,562,0,112,-672
222,train,NSR,0,16786,1157,0,0,NSR,1,866,-128,-108,-628
224,train,NSR,0,16786,1349,0,0,NSR,1,609,-80,48,-576
226,train,NSR,0,16786,1540,0,0,NSR,1,722,-108,-252,-360
228,train,NSR,0,16786,1716,0,0,NSR,1,718,-152,-160,-404
230,train,NSR,0,16786,1908,0,0,NSR,1,814,-172,-76,-564
232,train,NSR,0,16786,2099,0,0,NSR,1,746,-196,-272,-276
234,train,NSR,0,16786,2275,0,0,NSR,1,814,-172,-76,-564
236,train,NSR,0,16786,2466,0,0,NSR,1,481,-92,-68,-320
238,train,NSR,0,16786,2658,0,0,NSR,1,814,-164,-84,-564
240,train,NSR,0,16795,38,2,0,NSR,1,304,-328,-124,148
242,train,NSR,0,16795,207,1,1,CHF,0,116,188,-112,-192
244,train,NSR,0,16795,376,1,1,CHF,0,112,519,-232,-396
246,train,NSR,0,16795,545,0,0,NSR,1,252,-84,-88,-80
248,train,NSR,0,16795,699,0,0,NSR,1,410,-172,-188,-48
250,train,NSR,0,16795,868,1,1,CHF,0,104,196,-220,-80
252,train,NSR,0,16795,1037,2,1,CHF,0,-76,184,40,-148
254,train,NSR,0,16795,1206,2,0,NSR,1,324,-360,72,-36
256,train,NSR,0,16795,1376,2,0,NSR,1,112,-144,-79,112
258,train,NSR,0,16795,1529,2,0,NSR,1,360,-312,80,-128
260,train,NSR,0,16795,1698,0,0,NSR,1,404,-372,76,-108
262,train,NSR,0,16795,1868,0,0,NSR,1,376,-208,-272,104
264,train,NSR,0,16795,2037,0,0,NSR,1,320,-292,-180,152
266,train,NSR,0,16795,2206,0,0,NSR,1,488,-428,-356,296
268,train,NSR,0,16795,2360,2,0,NSR,1,224,-228,104,-100
270,train,NSR,0,17052,37,0,0,NSR,1,537,-364,-68,-104
272,train,NSR,0,17052,218,0,0,NSR,1,390,-180,-96,-112
274,train,NSR,0,17052,384,0,0,NSR,1,454,-180,-172,-100
276,train,NSR,0,17052,550,0,0,NSR,1,450,-252,-16,-180
278,train,NSR,0,17052,716,0,0,NSR,1,374,-164,-124,-84
280,train,NSR,0,17052,897,0,0,NSR,1,390,-184,-116,-88
282,train,NSR,0,17052,1063,3,0,NSR,1,412,-384,-96,68
284,train,NSR,0,17052,1229,0,0,NSR,1,406,-192,-116,-96
286,train,NSR,0,17052,1395,0,0,NSR,1,153,12,-136,-28
288,train,NSR,0,17052,1576,0,0,NSR,1,366,-192,-76,-96
290,train,NSR,0,17052,1741,0,0,NSR,1,604,-428,-252,76
292,train,NSR,0,17052,1907,0,0,NSR,1,722,-428,-96,-196
294,train,NSR,0,17052,2088,3,0,NSR,1,168,-288,0,120
296,train,NSR,0,17052,2254,0,0,NSR,1,589,-528,-136,76
298,train,NSR,0,17052,2420,0,0,NSR,1,330,-80,-236,-12
300,train,NSR,0,17453,39,2,2,ARR,0,-20,-108,168,-40
302,train,NSR,0,17453,214,0,0,NSR,1,530,-160,-12,-356
304,train,NSR,0,17453,373,2,1,CHF,0,56,284,-64,-276
306,train,NSR,0,17453,532,0,0,NSR,1,408,220,-128,-500
308,train,NSR,0,17453,707,0,0,NSR,1,372,132,-100,-404
310,train,NSR,0,17453,866,0,0,NSR,1,734,-72,-252,-408
312,train,NSR,0,17453,1041,0,0,NSR,1,341,60,-4,-396
314,train,NSR,0,17453,1200,0,0,NSR,1,308,28,-200,-136
316,train,NSR,0,17453,1359,2,1,CHF,0,-168,168,142,-140
318,train,NSR,0,17453,1534,2,0,NSR,1,140,16,-39,-116
320,train,NSR,0,17453,1693,0,0,NSR,1,777,-212,-224,-340
322,train,NSR,0,17453,1867,0,0,NSR,1,778,-224,-36,-516
324,train,NSR,0,17453,2026,0,0,NSR,1,926,-140,-132,-652
326,train,NSR,0,17453,2185,0,0,NSR,1,841,-248,-232,-360
328,train,NSR,0,17453,2360,0,0,NSR,1,714,-100,-224,-388
330,train,NSR,0,18177,42,0,0,NSR,1,415,-96,-316,0
332,train,NSR,0,18177,228,0,0,NSR,1,325,-80,-132,-112
334,train,NSR,0,18177,397,0,3,AFF,0,73,-108,-104,140
336,train,NSR,0,18177,583,0,0,NSR,1,169,-76,160,-252
338,train,NSR,0,18177,770,0,0,NSR,1,313,-140,-72,-100
340,train,NSR,0,18177,939,0,0,NSR,1,209,-20,-232,44
342,train,NSR,0,18177,1125,0,0,NSR,1,334,-8,-284,-40
344,train,NSR,0,18177,1294,0,0,NSR,1,185,-20,-48,-116
346,train,NSR,0,18177,1480,0,0,NSR,1,209,-4,-308,104
348,train,NSR,0,18177,1667,0,0,NSR,1,428,-16,88,-500
350,train,NSR,0,18177,1836,0,0,NSR,1,533,-132,12,-412
352,train,NSR,0,18177,2022,0,0,NSR,1,598,-292,44,-348
354,train,NSR,0,18177,2191,0,0,NSR,1,626,-236,-8,-380
356,train,NSR,0,18177,2377,2,2,ARR,0,240,-128,317,-428
358,train,NSR,0,18177,2563,0,0,NSR,1,445,-136,-88,-220
360,train,NSR,0,18184,38,2,0,NSR,1,532,52,-44,-540
362,train,NSR,0,18184,209,0,0,NSR,1,509,-16,-68,-424
364,train,NSR,0,18184,379,0,0,NSR,1,598,28,-324,-300
366,train,NSR,0,18184,549,0,0,NSR,1,413,12,-172,-252
368,train,NSR,0,18184,704,1,1,CHF,0,68,517,-264,-320
370,train,NSR,0,18184,874,0,0,NSR,1,906,-172,-196,-536
372,train,NSR,0,18184,1045,0,0,NSR,1,709,-124,-100,-484
374,train,NSR,0,18184,1215,0,0,NSR,1,509,76,-356,-228
376,train,NSR,0,18184,1385,0,1,CHF,0,332,428,-20,-740
378,train,NSR,0,18184,1540,0,0,NSR,1,284,16,48,-348
380,train,NSR,0,18184,1710,0,0,NSR,1,718,-4,-304,-408
382,train,NSR,0,18184,1881,0,0,NSR,1,910,-152,-124,-632
384,train,NSR,0,18184,2051,0,0,NSR,1,818,-56,-204,-556
386,train,NSR,0,18184,2221,0,0,NSR,1,734,52,-232,-552
388,train,NSR,0,18184,2376,0,0,NSR,1,557,-44,-148,-364
390,train,NSR,0,19088,38,0,0,NSR,1,477,-68,-236,-172
392,train,NSR,0,19088,209,0,0,NSR,1,377,-48,-140,-188
394,train,NSR,0,19088,364,0,0,NSR,1,354,96,-252,-196
396,train,NSR,0,19088,519,0,0,NSR,1,431,-8,-264,-156
398,train,NSR,0,19088,690,0,0,NSR,1,394,-36,-52,-304
400,train,NSR,0,19088,845,1,1,CHF,0,208,457,-304,-360
402,train,NSR,0,19088,1016,0,0,NSR,1,510,-288,-148,-72
404,train,NSR,0,19088,1171,0,0,NSR,1,495,-88,-364,-40
406,train,NSR,0,19088,1326,0,0,NSR,1,419,-148,-232,-36
408,train,NSR,0,19088,1497,0,0,NSR,1,483,-260,-32,-188
410,train,NSR,0,19088,1652,0,0,NSR,1,503,-112,-72,-316
412,train,NSR,0,19088,1823,1,1,CHF,0,-52,184,24,-156
414,train,NSR,0,19088,1978,2,0,NSR,1,196,68,164,-428
416,train,NSR,0,19088,2133,1,1,CHF,0,60,144,-164,-40
418,train,NSR,0,19088,2304,1,1,CHF,0,24,240,-148,-116
420,train,NSR,0,19090,39,0,0,NSR,1,422,-180,-228,-12
422,train,NSR,0,19090,197,0,0,NSR,1,294,-56,-240,4
424,train,NSR,0,19090,338,2,2,ARR,0,-164,92,260,-188
426,train,NSR,0,19090,496,0,0,NSR,1,308,-72,-52,-184
428,train,NSR,0,19090,654,0,0,NSR,1,454,-164,-248,-40
430,train,NSR,0,19090,811,0,0,NSR,1,317,-120,-72,-124
432,train,NSR,0,19090,953,0,0,NSR,1,610,-248,0,-360
434,train,NSR,0,19090,1111,0,0,NSR,1,610,-248,0,-360
436,train,NSR,0,19090,1269,0,0,NSR,1,506,-276,32,-260
438,train,NSR,0,19090,1426,0,0,NSR,1,626,-236,-8,-380
440,train,NSR,0,19090,1568,0,0,NSR,1,491,-40,-104,-344
442,train,NSR,0,19090,1726,0,0,NSR,1,498,-116,-116,-264
444,train,NSR,0,19090,1884,0,0,NSR,1,405,68,-68,-404
446,train,NSR,0,19090,2025,0,0,NSR,1,586,-256,-28,-300
448,train,NSR,0,19090,2183,0,0,NSR,1,646,-232,-128,-284
450,train,NSR,0,19093,37,0,0,NSR,1,901,-372,-200,-328
452,train,NSR,0,19093,204,0,0,NSR,1,843,-120,-292,-428
454,train,NSR,0,19093,355,0,0,NSR,1,874,-136,-140,-596
456,train,NSR,0,19093,522,0,0,NSR,1,890,-160,-168,-560
458,train,NSR,0,19093,689,0,0,NSR,1,677,-320,-204,-152
460,train,NSR,0,19093,840,0,0,NSR,1,974,-252,-124,-596
462,train,NSR,0,19093,1007,0,0,NSR,1,645,-224,-112,-308
464,train,NSR,0,19093,1158,0,0,NSR,1,654,-76,-292,-284
466,train,NSR,0,19093,1325,0,0,NSR,1,749,-268,-136,-344
468,train,NSR,0,19093,1491,0,0,NSR,1,333,-284,116,-164
470,train,NSR,0,19093,1643,2,0,NSR,1,616,-236,-15,-364
472,train,NSR,0,19093,1810,0,0,NSR,1,946,-308,-72,-564
474,train,NSR,0,19093,1961,0,0,NSR,1,758,-252,-192,-312
476,train,NSR,0,19093,2128,2,0,NSR,1,828,-376,-132,-320
478,train,NSR,0,19093,2294,3,2,ARR,0,-192,-208,264,138
480,train,NSR,0,19140,39,0,0,NSR,1,209,-68,-68,-72
482,train,NSR,0,19140,197,0,0,NSR,1,355,-100,-236,-16
484,train,NSR,0,19140,354,0,0,NSR,1,311,0,-212,-96
486,train,NSR,0,19140,512,0,0,NSR,1,302,20,-324,4
488,train,NSR,0,19140,685,0,0,NSR,1,173,16,-60,-128
490,train,NSR,0,19140,843,0,0,NSR,1,471,-52,-220,-196
492,train,NSR,0,19140,1000,0,0,NSR,1,323,44,-276,-88
494,train,NSR,0,19140,1158,0,0,NSR,1,434,-292,-40,-100
496,train,NSR,0,19140,1316,0,0,NSR,1,276,-268,68,-76
498,train,NSR,0,19140,1473,0,0,NSR,1,539,-100,-208,-228
500,train,NSR,0,19140,1631,0,0,NSR,1,614,-264,-32,-316
502,train,NSR,0,19140,1804,0,0,NSR,1,614,-248,-108,-256
504,train,NSR,0,19140,1962,0,0,NSR,1,511,-132,-136,-240
506,train,NSR,0,19140,2119,0,0,NSR,1,527,-252,-60,-212
508,train,NSR,0,19140,2277,3,2,ARR,0,-180,-308,417,73
510,train,NSR,0,19830,37,1,1,CHF,0,-68,574,-308,-196
512,train,NSR,0,19830,219,1,1,CHF,0,-136,683,-100,-444
514,train,NSR,0,19830,386,0,0,NSR,1,293,116,-368,-40
516,train,NSR,0,19830,567,1,1,CHF,0,44,308,-220,-132
518,train,NSR,0,19830,734,0,1,CHF,0,88,180,80,-348
520,train,NSR,0,19830,916,1,1,CHF,0,80,337,-208,-208
522,train,NSR,0,19830,1082,1,1,CHF,0,144,332,-372,-104
524,train,NSR,0,19830,1264,1,1,CHF,0,12,389,-284,-116
526,train,NSR,0,19830,1445,1,1,CHF,0,80,405,-324,-160
528,train,NSR,0,19830,1612,0,0,NSR,1,515,-24,-156,-332
530,train,NSR,0,19830,1794,0,0,NSR,1,551,-168,-88,-292
532,train,NSR,0,19830,1960,0,0,NSR,1,490,-164,44,-368
534,train,NSR,0,19830,2142,0,0,NSR,1,459,-176,-256,-24
536,train,NSR,0,19830,2309,1,1,CHF,0,172,196,-68,-300
538,train,NSR,0,19830,2490,2,2,ARR,0,-32,76,136,-180
539,train,CHF,1,chf01,35,1,1,CHF,1,32,220,92,-344
541,train,CHF,1,chf01,156,0,1,CHF,1,41,448,112,-600
543,train,CHF,1,chf01,278,2,2,ARR,0,-124,200,214,-288
545,train,CHF,1,chf01,399,0,0,NSR,0,213,-196,-120,104
547,train,CHF,1,chf01,521,1,1,CHF,1,-116,585,305,-772
549,train,CHF,1,chf01,642,2,1,CHF,1,-36,332,293,-588
551,train,CHF,1,chf01,764,1,1,CHF,1,-332,671,48,-384
553,train,CHF,1,chf01,895,1,1,CHF,1,-196,615,-80,-336
555,train,CHF,1,chf01,1017,1,1,CHF,1,8,713,-100,-620
557,train,CHF,1,chf01,1138,1,1,CHF,1,20,205,-212,-12
559,train,CHF,1,chf01,1260,0,1,CHF,1,25,400,216,-640
561,train,CHF,1,chf01,1381,1,1,CHF,1,148,257,-192,-212
563,train,CHF,1,chf01,1503,1,1,CHF,1,196,225,-180,-240
565,train,CHF,1,chf01,1634,0,0,NSR,0,260,216,-232,-244
567,train,CHF,1,chf01,1756,0,0,NSR,0,358,132,-88,-400
569,train,CHF,1,chf01,1877,1,1,CHF,1,-48,394,-40,-304
571,train,CHF,1,chf01,1999,2,2,ARR,0,-84,256,414,-584
573,train,CHF,1,chf01,2120,2,1,CHF,1,-212,500,384,-672
575,train,CHF,1,chf01,2242,1,1,CHF,1,-348,513,176,-340
576,train,CHF,1,chf01,2302,2,1,CHF,1,32,204,174,-408
577,train,CHF,1,chf01,2363,0,1,CHF,1,52,356,0,-408
578,train,CHF,1,chf02,5,1,1,CHF,1,-216,603,-264,-120
580,train,CHF,1,chf02,25,1,1,CHF,1,-132,627,-316,-176
582,train,CHF,1,chf02,45,1,1,CHF,1,-80,651,-364,-204
584,train,CHF,1,chf02,65,1,1,CHF,1,296,668,-436,-524
586,train,CHF,1,chf02,85,1,1,CHF,1,-324,537,-164,-48
588,train,CHF,1,chf02,105,1,1,CHF,1,-128,827,-572,-124
590,train,CHF,1,chf02,125,1,1,CHF,1,-188,680,-220,-268
592,train,CHF,1,chf02,145,1,1,CHF,1,-40,567,-444,-80
594,train,CHF,1,chf02,165,1,1,CHF,1,60,527,-400,-184
596,train,CHF,1,chf02,185,1,1,CHF,1,-112,727,-148,-464
598,train,CHF,1,chf02,205,1,1,CHF,1,-48,648,-188,-408
600,train,CHF,1,chf02,225,1,1,CHF,1,-92,519,-184,-240
602,train,CHF,1,chf02,245,1,1,CHF,1,-344,667,-328,8
604,train,CHF,1,chf02,265,3,2,ARR,0,-628,256,272,100
606,train,CHF,1,chf02,285,1,1,CHF,1,-848,540,192,116
608,train,CHF,1,chf02,305,3,1,CHF,1,-676,268,208,200
610,train,CHF,1,chf02,325,3,1,CHF,1,-704,320,288,96
611,train,CHF,1,chf03,15,1,1,CHF,1,-180,558,-108,-268
613,train,CHF,1,chf03,96,2,2,ARR,0,-804,320,470,16
615,train,CHF,1,chf03,177,1,1,CHF,1,-260,609,-52,-296
617,train,CHF,1,chf03,258,1,1,CHF,1,-144,522,-164,-212
619,train,CHF,1,chf03,339,1,1,CHF,1,-180,639,-108,-348
621,train,CHF,1,chf03,420,2,2,ARR,0,-680,284,361,36
623,train,CHF,1,chf03,501,1,1,CHF,1,-156,477,-156,-164
625,train,CHF,1,chf03,571,1,1,CHF,1,-108,412,-132,-172
627,train,CHF,1,chf03,652,1,1,CHF,1,-12,674,-392,-268
629,train,CHF,1,chf03,733,1,1,CHF,1,-224,429,-144,-60
631,train,CHF,1,chf03,814,1,1,CHF,1,-188,509,-280,-40
633,train,CHF,1,chf03,895,1,1,CHF,1,-188,474,-180,-104
635,train,CHF,1,chf03,976,1,1,CHF,1,32,763,-316,-476
637,train,CHF,1,chf03,1047,2,1,CHF,1,-300,176,9,116
639,train,CHF,1,chf03,1128,1,1,CHF,1,-296,512,-288,72
641,train,CHF,1,chf03,1209,2,1,CHF,1,-260,340,254,-332
643,train,CHF,1,chf03,1290,1,1,CHF,1,-192,602,-364,-44
645,train,CHF,1,chf03,1371,1,1,CHF,1,-376,417,44,-84
647,train,CHF,1,chf03,1452,1,1,CHF,1,-220,570,-92,-256
648,train,CHF,1,chf03,1493,1,1,CHF,1,-204,755,-480,-68
649,train,CHF,1,chf03,1533,1,1,CHF,1,-8,543,-268,-264
650,train,CHF,1,chf04,35,1,1,CHF,1,-52,755,-528,-172
652,train,CHF,1,chf04,156,1,1,CHF,1,-120,895,-596,-176
654,train,CHF,1,chf04,278,1,1,CHF,1,-356,631,-288,16
656,train,CHF,1,chf04,399,2,1,CHF,1,-456,456,152,-152
658,train,CHF,1,chf04,521,1,1,CHF,1,-216,533,-356,40
660,train,CHF,1,chf04,642,1,1,CHF,1,20,715,-416,-316
662,train,CHF,1,chf04,764,1,1,CHF,1,-296,557,-120,-140
664,train,CHF,1,chf04,895,1,1,CHF,1,-280,642,-276,-84
666,train,CHF,1,chf04,1017,1,1,CHF,1,-116,595,-300,-176
668,train,CHF,1,chf04,1138,1,1,CHF,1,40,663,-384,-316
670,train,CHF,1,chf04,1260,2,2,ARR,0,-312,-16,337,-8
672,train,CHF,1,chf04,1381,2,3,AFF,0,-288,48,48,192
674,train,CHF,1,chf04,1503,1,1,CHF,1,-160,775,-440,-172
676,train,CHF,1,chf04,1634,1,1,CHF,1,-64,463,-112,-284
678,train,CHF,1,chf04,1756,1,1,CHF,1,-396,726,-460,132
680,train,CHF,1,chf04,1877,1,1,CHF,1,-280,706,40,-464
682,train,CHF,1,chf04,1999,1,1,CHF,1,-136,621,-372,-112
684,train,CHF,1,chf04,2120,1,1,CHF,1,-44,541,-480,-16
686,train,CHF,1,chf04,2242,1,1,CHF,1,-76,360,-432,148
687,train,CHF,1,chf04,2302,1,1,CHF,1,-136,719,-456,-124
688,train,CHF,1,chf04,2363,2,2,ARR,0,-40,24,56,-40
689,train,CHF,1,chf05,35,1,1,CHF,1,-128,537,108,-516
691,train,CHF,1,chf05,155,1,1,CHF,1,-196,766,-76,-492
693,train,CHF,1,chf05,275,1,1,CHF,1,-48,521,-156,-316
695,train,CHF,1,chf05,395,1,1,CHF,1,0,433,-76,-356
697,train,CHF,1,chf05,515,1,1,CHF,1,60,542,-96,-504
699,train,CHF,1,chf05,635,1,1,CHF,1,-44,522,-268,-208
701,train,CHF,1,chf05,755,1,1,CHF,1,32,694,-172,-552
703,train,CHF,1,chf05,886,0,1,CHF,1,-7,128,-48,-72
705,train,CHF,1,chf05,1006,1,1,CHF,1,92,292,-92,-292
707,train,CHF,1,chf05,1126,1,1,CHF,1,-308,791,-64,-416
709,train,CHF,1,chf05,1246,0,1,CHF,1,28,328,116,-472
711,train,CHF,1,chf05,1366,0,1,CHF,1,-35,120,32,-116
713,train,CHF,1,chf05,1486,1,1,CHF,1,-40,437,12,-408
715,train,CHF,1,chf05,1617,1,1,CHF,1,-144,320,48,-224
717,train,CHF,1,chf05,1737,1,1,CHF,1,-152,742,8,-596
719,train,CHF,1,chf05,1857,2,2,ARR,0,8,56,152,-216
721,train,CHF,1,chf05,1977,2,1,CHF,1,-112,252,188,-328
723,train,CHF,1,chf05,2097,1,1,CHF,1,188,731,-276,-640
725,train,CHF,1,chf05,2217,2,2,ARR,0,-112,228,349,-464
728,train,CHF,1,chf06,35,2,1,CHF,1,-588,276,112,200
730,train,CHF,1,chf06,155,2,1,CHF,1,-476,476,-312,312
732,train,CHF,1,chf06,275,1,3,AFF,0,-440,468,-544,516
734,train,CHF,1,chf06,395,2,2,ARR,0,-628,120,388,120
736,train,CHF,1,chf06,515,3,3,AFF,0,-680,256,120,304
738,train,CHF,1,chf06,635,2,3,AFF,0,-404,96,8,300
740,train,CHF,1,chf06,755,2,1,CHF,1,-776,268,241,268
742,train,CHF,1,chf06,885,3,3,AFF,0,-648,244,4,401
744,train,CHF,1,chf06,1005,3,2,ARR,0,-796,332,340,124
746,train,CHF,1,chf06,1125,2,1,CHF,1,-312,324,-28,16
748,train,CHF,1,chf06,1245,2,2,ARR,0,-472,156,296,20
750,train,CHF,1,chf06,1365,2,2,ARR,0,-604,148,244,212
752,train,CHF,1,chf06,1485,2,2,ARR,0,-360,172,209,-20
754,train,CHF,1,chf06,1615,1,1,CHF,1,-12,544,-532,0
756,train,CHF,1,chf06,1735,2,3,AFF,0,-396,336,-372,432
758,train,CHF,1,chf06,1855,2,1,CHF,1,-600,320,166,116
760,train,CHF,1,chf06,1975,2,1,CHF,1,-532,264,64,204
762,train,CHF,1,chf06,2095,3,1,CHF,1,-608,460,148,0
764,train,CHF,1,chf06,2215,1,3,AFF,0,-280,340,-516,456
767,train,CHF,1,chf07,35,1,1,CHF,1,-44,775,-436,-292
769,train,CHF,1,chf07,156,1,3,AFF,0,-212,204,-260,268
771,train,CHF,1,chf07,278,1,1,CHF,1,-188,631,-236,-204
773,train,CHF,1,chf07,399,1,1,CHF,1,-208,835,-160,-464
775,train,CHF,1,chf07,521,1,1,CHF,1,-268,393,-60,-64
777,train,CHF,1,chf07,642,1,1,CHF,1,-20,570,-272,-276
779,train,CHF,1,chf07,764,2,1,CHF,1,-288,220,52,16
781,train,CHF,1,chf07,895,1,1,CHF,1,148,627,-204,-568
783,train,CHF,1,chf07,1017,1,1,CHF,1,-500,870,-167,-200
785,train,CHF,1,chf07,1138,1,1,CHF,1,-100,622,-216,-304
787,train,CHF,1,chf07,1260,1,1,CHF,1,-108,635,-44,-480
789,train,CHF,1,chf07,1381,1,1,CHF,1,-8,393,-148,-236
791,train,CHF,1,chf07,1503,1,1,CHF,1,-44,694,-80,-568
793,train,CHF,1,chf07,1634,1,1,CHF,1,12,329,-240,-100
795,train,CHF,1,chf07,1756,1,1,CHF,1,-248,396,-76,-72
797,train,CHF,1,chf07,1877,1,1,CHF,1,60,719,-384,-392
799,train,CHF,1,chf07,1999,2,2,ARR,0,-112,56,200,-144
801,train,CHF,1,chf07,2120,1,1,CHF,1,56,534,-276,-312
803,train,CHF,1,chf07,2242,1,1,CHF,1,-84,325,-180,-60
806,train,CHF,1,chf08,35,1,1,CHF,1,-104,639,-396,-136
808,train,CHF,1,chf08,156,1,1,CHF,1,-444,444,-92,92
810,train,CHF,1,chf08,278,1,1,CHF,1,-136,566,-332,-96
812,train,CHF,1,chf08,399,1,1,CHF,1,-92,562,-328,-140
814,train,CHF,1,chf08,521,1,1,CHF,1,-440,653,-316,104
816,train,CHF,1,chf08,642,1,1,CHF,1,-92,515,-80,-340
818,train,CHF,1,chf08,764,1,1,CHF,1,-8,458,-76,-372
820,train,CHF,1,chf08,895,1,1,CHF,1,84,647,-440,-288
822,train,CHF,1,chf08,1017,1,1,CHF,1,92,285,-164,-212
824,train,CHF,1,chf08,1138,1,1,CHF,1,-128,575,-328,-116
826,train,CHF,1,chf08,1260,1,1,CHF,1,-140,538,-304,-92
828,train,CHF,1,chf08,1381,1,1,CHF,1,-124,703,-556,-20
830,train,CHF,1,chf08,1503,1,1,CHF,1,-248,440,-280,88
832,train,CHF,1,chf08,1634,1,1,CHF,1,-96,667,-344,-224
834,train,CHF,1,chf08,1756,1,1,CHF,1,-68,289,-376,156
836,train,CHF,1,chf08,1877,1,1,CHF,1,76,683,-420,-336
838,train,CHF,1,chf08,1999,1,1,CHF,1,-104,594,-368,-120
840,train,CHF,1,chf08,2120,1,1,CHF,1,-12,503,-180,-308
842,train,CHF,1,chf08,2242,1,1,CHF,1,-60,479,-156,-260
845,train,CHF,1,chf09,35,1,1,CHF,1,-92,636,-252,-292
847,train,CHF,1,chf09,155,0,1,CHF,1,272,480,-92,-660
849,train,CHF,1,chf09,275,1,1,CHF,1,56,930,-308,-676
851,train,CHF,1,chf09,395,0,1,CHF,1,41,532,208,-780
853,train,CHF,1,chf09,515,2,1,CHF,1,-224,436,212,-424
855,train,CHF,1,chf09,635,2,1,CHF,1,-280,364,232,-316
857,train,CHF,1,chf09,755,0,1,CHF,1,-56,384,-12,-316
859,train,CHF,1,chf09,885,0,1,CHF,1,-48,520,188,-660
861,train,CHF,1,chf09,1005,1,1,CHF,1,-164,532,4,-372
863,train,CHF,1,chf09,1125,0,1,CHF,1,-143,536,-8,-384
865,train,CHF,1,chf09,1246,1,1,CHF,1,4,376,-392,12
867,train,CHF,1,chf09,1366,1,1,CHF,1,-84,826,-348,-392
869,train,CHF,1,chf09,1486,1,1,CHF,1,-48,658,-492,-116
871,train,CHF,1,chf09,1616,1,1,CHF,1,96,607,-436,-264
873,train,CHF,1,chf09,1736,1,1,CHF,1,-136,296,-220,60
875,train,CHF,1,chf09,1856,1,1,CHF,1,-120,785,-224,-440
877,train,CHF,1,chf09,1976,1,1,CHF,1,24,465,-348,-140
879,train,CHF,1,chf09,2096,1,1,CHF,1,-300,605,-172,-132
881,train,CHF,1,chf09,2216,1,1,CHF,1,4,551,-548,-4
884,train,CHF,1,chf10,25,1,1,CHF,1,-104,731,-296,-328
886,train,CHF,1,chf10,136,1,1,CHF,1,-88,452,-308,-56
888,train,CHF,1,chf10,247,0,1,CHF,1,46,340,112,-496
890,train,CHF,1,chf10,359,2,2,ARR,0,-788,416,617,-244
892,train,CHF,1,chf10,470,1,1,CHF,1,-808,979,-176,8
894,train,CHF,1,chf10,582,1,1,CHF,1,-212,676,-280,-180
896,train,CHF,1,chf10,693,1,1,CHF,1,64,407,-448,-20
898,train,CHF,1,chf10,804,1,1,CHF,1,-292,687,-180,-212
900,train,CHF,1,chf10,916,1,1,CHF,1,-192,740,-532,-12
902,train,CHF,1,chf10,1027,2,2,ARR,0,-700,256,392,52
904,train,CHF,1,chf10,1138,1,1,CHF,1,-292,780,-456,-28
906,train,CHF,1,chf10,1250,1,1,CHF,1,-304,691,-384,0
908,train,CHF,1,chf10,1361,1,1,CHF,1,-232,683,-308,-140
910,train,CHF,1,chf10,1472,1,1,CHF,1,-244,751,-536,32
912,train,CHF,1,chf10,1584,1,1,CHF,1,-588,690,-384,284
914,train,CHF,1,chf10,1695,1,1,CHF,1,-260,708,-292,-152
916,train,CHF,1,chf10,1806,1,1,CHF,1,-376,792,-172,-240
918,train,CHF,1,chf10,1918,1,1,CHF,1,-260,708,-292,-152
920,train,CHF,1,chf10,2029,1,1,CHF,1,-224,764,-356,-180
923,train,CHF,1,chf11,35,1,1,CHF,1,-288,1015,-248,-476
925,train,CHF,1,chf11,156,1,1,CHF,1,-428,759,-208,-120
927,train,CHF,1,chf11,278,1,1,CHF,1,-296,1052,-296,-456
929,train,CHF,1,chf11,399,1,1,CHF,1,-160,1152,-452,-536
931,train,CHF,1,chf11,521,1,1,CHF,1,-288,1104,-272,-540
933,train,CHF,1,chf11,642,1,1,CHF,1,-212,1076,-388,-472
935,train,CHF,1,chf11,764,1,1,CHF,1,-204,984,-408,-368
937,train,CHF,1,chf11,895,1,1,CHF,1,-384,601,-376,160
939,train,CHF,1,chf11,1017,1,1,CHF,1,-228,1039,-284,-524
941,train,CHF,1,chf11,1138,1,1,CHF,1,-232,1072,-456,-380
943,train,CHF,1,chf11,1260,1,1,CHF,1,-128,998,-376,-492
945,train,CHF,1,chf11,1381,1,1,CHF,1,-360,923,-272,-288
947,train,CHF,1,chf11,1503,1,1,CHF,1,-384,1167,-524,-256
949,train,CHF,1,chf11,1634,1,1,CHF,1,-108,1008,-432,-464
951,train,CHF,1,chf11,1756,1,1,CHF,1,-224,1031,-292,-512
953,train,CHF,1,chf11,1877,1,1,CHF,1,-532,1099,-120,-444
955,train,CHF,1,chf11,1999,1,1,CHF,1,-156,995,-304,-532
957,train,CHF,1,chf11,2120,1,1,CHF,1,-148,967,-244,-572
959,train,CHF,1,chf11,2242,2,1,CHF,1,-48,672,284,-908
962,train,CHF,1,chf13,35,1,1,CHF,1,-252,650,-456,60
964,train,CHF,1,chf13,156,1,1,CHF,1,-44,675,-268,-360
966,train,CHF,1,chf13,278,1,1,CHF,1,-168,751,-580,0
968,train,CHF,1,chf13,399,1,1,CHF,1,-164,433,-304,36
970,train,CHF,1,chf13,521,1,1,CHF,1,-100,409,-272,-36
972,train,CHF,1,chf13,642,1,1,CHF,1,-44,635,-412,-176
974,train,CHF,1,chf13,764,1,1,CHF,1,-168,659,-304,-184
976,train,CHF,1,chf13,895,1,1,CHF,1,-44,635,-412,-176
978,train,CHF,1,chf13,1017,1,1,CHF,1,-192,899,-268,-436
980,train,CHF,1,chf13,1138,1,1,CHF,1,-88,615,-324,-200
982,train,CHF,1,chf13,1260,1,1,CHF,1,4,603,-400,-204
984,train,CHF,1,chf13,1381,1,1,CHF,1,-28,951,-484,-436
986,train,CHF,1,chf13,1503,1,1,CHF,1,-180,658,-184,-292
988,train,CHF,1,chf13,1634,1,1,CHF,1,-104,405,-236,-64
990,train,CHF,1,chf13,1756,1,1,CHF,1,-64,382,-380,64
992,train,CHF,1,chf13,1877,1,1,CHF,1,-204,695,-516,28
994,train,CHF,1,chf13,1999,1,1,CHF,1,-184,610,-364,-60
996,train,CHF,1,chf13,2120,1,1,CHF,1,-168,751,-580,0
998,train,CHF,1,chf13,2242,1,1,CHF,1,-172,623,-352,-96
1001,train,CHF,1,chf14,35,1,1,CHF,1,-220,647,-116,-308
1003,train,CHF,1,chf14,156,1,1,CHF,1,-48,654,-196,-408
1005,train,CHF,1,chf14,278,1,1,CHF,1,-316,702,-464,80
1007,train,CHF,1,chf14,399,1,1,CHF,1,-236,542,-399,96
1009,train,CHF,1,chf14,521,1,1,CHF,1,-424,727,-100,-200
1011,train,CHF,1,chf14,642,1,1,CHF,1,-380,754,-352,-20
1013,train,CHF,1,chf14,764,1,1,CHF,1,-360,474,184,-296
1015,train,CHF,1,chf14,895,1,1,CHF,1,-376,531,-88,-64
1017,train,CHF,1,chf14,1017,1,1,CHF,1,128,317,12,-456
1019,train,CHF,1,chf14,1138,1,1,CHF,1,-140,485,-108,-236
1021,train,CHF,1,chf14,1260,1,1,CHF,1,-644,867,-119,-100
1023,train,CHF,1,chf14,1381,1,1,CHF,1,-168,470,-232,-68
1025,train,CHF,1,chf14,1503,1,1,CHF,1,-20,589,156,-724
1027,train,CHF,1,chf14,1634,1,1,CHF,1,-260,704,-204,-236
1029,train,CHF,1,chf14,1756,1,1,CHF,1,168,321,84,-572
1031,train,CHF,1,chf14,1877,1,1,CHF,1,-236,779,-184,-356
1033,train,CHF,1,chf14,1999,2,2,ARR,0,-420,272,350,-200
1035,train,CHF,1,chf14,2120,1,1,CHF,1,-96,277,-188,8
1037,train,CHF,1,chf14,2242,1,1,CHF,1,-280,288,52,-60
1040,train,CHF,1,chf15,5,1,1,CHF,1,-40,983,-208,-732
1042,train,CHF,1,chf15,45,1,1,CHF,1,-64,572,-28,-480
1044,train,CHF,1,chf15,86,1,1,CHF,1,-480,692,180,-392
1046,train,CHF,1,chf15,116,1,1,CHF,1,136,393,-276,-252
1048,train,CHF,1,chf15,157,1,1,CHF,1,-52,256,-228,24
1050,train,CHF,1,chf15,198,1,1,CHF,1,88,708,-72,-724
1052,train,CHF,1,chf15,228,1,1,CHF,1,-48,935,-236,-648
1054,train,CHF,1,chf15,269,1,1,CHF,1,212,228,-148,-292
1056,train,CHF,1,chf15,299,2,1,CHF,1,-468,668,181,-380
1058,train,CHF,1,chf15,340,1,1,CHF,1,104,691,-304,-488
1060,train,CHF,1,chf15,381,1,1,CHF,1,140,541,-276,-404
1062,train,CHF,1,chf15,411,1,1,CHF,1,-136,882,-96,-648
1064,train,CHF,1,chf15,452,1,1,CHF,1,101,433,-252,-280
1066,train,CHF,1,chf15,493,1,1,CHF,1,-48,1107,-292,-764
1068,train,CHF,1,chf15,523,1,1,CHF,1,-172,859,-156,-528
1070,train,CHF,1,chf15,564,1,1,CHF,1,72,725,-368,-428
1072,train,CHF,1,chf15,604,1,1,CHF,1,-128,818,-100,-588
1074,train,CHF,1,chf15,635,1,1,CHF,1,-12,645,-16,-616
1076,train,CHF,1,chf15,675,1,1,CHF,1,92,818,-328,-580
1078,train,ARR,2,100,6,0,0,NSR,0,166,-228,128,-64
1080,train,ARR,2,100,29,0,2,ARR,1,138,-260,160,-36
1082,train,ARR,2,100,39,0,0,NSR,0,261,-228,-16,-16
1084,train,ARR,2,100,42,0,0,NSR,0,117,-260,36,108
1086,train,ARR,2,100,53,2,2,ARR,1,-64,-164,257,-28
1087,train,ARR,2,102,2,1,1,CHF,0,188,280,204,-672
1089,train,ARR,2,102,12,2,2,ARR,1,-56,104,520,-568
1091,train,ARR,2,102,21,1,1,CHF,0,132,240,20,-392
1093,train,ARR,2,102,30,2,1,CHF,0,92,480,417,-988
1095,train,ARR,2,102,39,2,2,ARR,1,-76,104,329,-356
1097,train,ARR,2,102,48,2,2,ARR,1,28,256,509,-792
1100,train,ARR,2,104,2,2,2,ARR,1,-136,-172,413,-104
1102,train,ARR,2,104,11,2,1,CHF,0,-196,376,273,-452
1104,train,ARR,2,104,21,2,2,ARR,1,-80,-104,389,-204
1106,train,ARR,2,104,30,2,2,ARR,1,-100,-56,657,-500
1108,train,ARR,2,104,39,2,2,ARR,1,-188,340,685,-836
1110,train,ARR,2,104,48,2,2,ARR,1,-48,140,741,-832
1113,train,ARR,2,105,0,2,2,ARR,1,-212,304,340,-432
1115,train,ARR,2,105,6,2,2,ARR,1,-112,0,550,-436
1117,train,ARR,2,105,15,2,2,ARR,1,-8,88,277,-356
1119,train,ARR,2,105,41,0,1,CHF,0,88,140,-20,-208
1121,train,ARR,2,105,45,2,2,ARR,1,-104,112,345,-352
1123,train,ARR,2,106,3,2,2,ARR,1,-204,-288,550,-56
1125,train,ARR,2,106,25,2,2,ARR,1,-112,-180,454,-160
1127,train,ARR,2,106,32,2,2,ARR,1,-336,-148,785,-300
1129,train,ARR,2,106,38,2,2,ARR,1,-336,-260,510,88
1131,train,ARR,2,106,47,2,2,ARR,1,-348,-208,404,152
1133,train,ARR,2,106,53,2,2,ARR,1,-52,-104,413,-256
1136,train,ARR,2,107,2,2,2,ARR,1,-236,220,321,-304
1138,train,ARR,2,107,11,1,2,ARR,1,-136,164,492,-520
1140,train,ARR,2,107,20,2,2,ARR,1,-264,152,313,-200
1142,train,ARR,2,107,30,2,2,ARR,1,96,52,129,-276
1144,train,ARR,2,107,39,1,1,CHF,0,-468,529,108,-168
1146,train,ARR,2,107,48,2,2,ARR,1,-172,196,329,-352
1149,train,ARR,2,108,0,3,2,ARR,1,-308,-40,376,-28
1151,train,ARR,2,108,24,2,2,ARR,1,8,-100,412,-320
1153,train,ARR,2,108,48,2,2,ARR,1,-120,-136,352,-96
1154,train,ARR,2,109,2,2,2,ARR,1,28,12,317,-356
1156,train,ARR,2,109,11,2,2,ARR,1,-120,152,226,-256
1158,train,ARR,2,109,20,2,2,ARR,1,56,-20,386,-420
1160,train,ARR,2,109,30,2,2,ARR,1,-188,88,639,-536
1162,train,ARR,2,109,39,2,2,ARR,1,-212,60,501,-348
1164,train,ARR,2,109,48,2,2,ARR,1,124,132,356,-608
1167,train,ARR,2,111,2,2,2,ARR,1,-188,140,289,-240
1169,train,ARR,2,111,11,2,2,ARR,1,-128,160,236,-268
1171,train,ARR,2,111,20,2,2,ARR,1,-112,172,361,-420
1173,train,ARR,2,111,30,2,2,ARR,1,4,144,380,-528
1175,train,ARR,2,111,39,2,2,ARR,1,-152,216,298,-360
1177,train,ARR,2,111,48,2,1,CHF,0,-80,480,282,-680
1180,train,ARR,2,113,13,2,2,ARR,1,-156,-312,669,-200
1181,train,ARR,2,114,8,3,1,CHF,0,-232,164,164,-96
1183,train,ARR,2,114,11,2,2,ARR,1,-276,189,201,-112
1185,train,ARR,2,114,14,2,2,ARR,1,-248,36,449,-236
1187,train,ARR,2,114,16,2,2,ARR,1,-312,88,409,-184
1189,train,ARR,2,114,18,2,2,ARR,1,-260,160,221,-120
1191,train,ARR,2,114,27,2,2,ARR,1,-52,-4,474,-416
1194,train,ARR,2,116,5,2,2,ARR,1,144,52,200,-396
1196,train,ARR,2,116,15,2,1,CHF,0,-192,268,268,-344
1198,train,ARR,2,116,20,2,2,ARR,1,-232,252,669,-688
1200,train,ARR,2,116,27,2,2,ARR,1,4,184,530,-716
1202,train,ARR,2,116,38,2,2,ARR,1,84,100,357,-540
1204,train,ARR,2,116,44,2,2,ARR,1,-68,192,422,-544
1207,train,ARR,2,118,2,0,0,NSR,0,300,8,60,-368
1209,train,ARR,2,118,11,2,2,ARR,1,-228,12,706,-488
1211,train,ARR,2,118,20,2,2,ARR,1,-156,168,412,-424
1213,train,ARR,2,118,30,2,2,ARR,1,96,4,224,-324
1215,train,ARR,2,118,39,2,2,ARR,1,-44,52,396,-404
1217,train,ARR,2,118,48,0,0,NSR,0,413,-140,-52,-220
1220,train,ARR,2,119,2,2,2,ARR,1,-260,12,951,-700
1222,train,ARR,2,119,11,2,2,ARR,1,-536,-80,965,-348
1224,train,ARR,2,119,22,2,2,ARR,1,-620,56,813,-248
1226,train,ARR,2,119,31,2,2,ARR,1,-536,44,902,-408
1228,train,ARR,2,119,40,2,2,ARR,1,-620,-4,636,-12
1230,train,ARR,2,119,49,2,2,ARR,1,-388,124,734,-468
1233,train,ARR,2,121,33,2,2,ARR,1,-212,160,334,-280
1234,train,ARR,2,124,2,2,2,ARR,1,40,-160,425,-304
1236,train,ARR,2,124,11,2,0,NSR,0,476,-284,445,-636
1238,train,ARR,2,124,20,2,2,ARR,1,116,108,547,-768
1240,train,ARR,2,124,30,2,2,ARR,1,92,-68,193,-216
1242,train,ARR,2,124,39,2,2,ARR,1,-28,-200,421,-192
1244,train,ARR,2,124,48,2,2,ARR,1,200,-120,565,-644
1247,train,ARR,2,200,2,2,2,ARR,1,-296,-396,555,140
1249,train,ARR,2,200,11,2,3,AFF,0,-304,-272,132,444
1251,train,ARR,2,200,20,2,3,AFF,0,-612,-216,216,612
1253,train,ARR,2,200,30,2,2,ARR,1,-544,168,249,128
1255,train,ARR,2,200,39,2,2,ARR,1,-344,-164,463,48
1257,train,ARR,2,200,48,2,2,ARR,1,-612,-172,554,232
1260,train,ARR,2,202,8,2,0,NSR,0,288,-160,220,-348
1262,train,ARR,2,202,21,2,2,ARR,1,100,-160,361,-300
1264,train,ARR,2,202,24,3,2,ARR,1,16,-72,472,-416
1266,train,ARR,2,202,26,2,2,ARR,1,4,-208,261,-56
1268,train,ARR,2,202,38,2,3,AFF,0,-508,-152,224,436
1270,train,ARR,2,205,9,0,2,ARR,1,-84,108,232,-256
1272,train,ARR,2,205,21,0,3,AFF,0,-138,-4,28,116
1274,train,ARR,2,205,30,0,2,ARR,1,-23,-92,144,-28
1276,train,ARR,2,205,32,0,0,NSR,0,366,-72,-56,-236
1278,train,ARR,2,205,44,0,3,AFF,0,85,-208,4,120
1280,train,ARR,2,205,48,2,2,ARR,1,-548,208,368,-28
1283,train,ARR,2,207,2,3,2,ARR,1,-440,28,652,-240
1285,train,ARR,2,207,11,2,2,ARR,1,-520,220,341,-40
1287,train,ARR,2,207,20,1,1,CHF,0,-188,393,84,-288
1289,train,ARR,2,207,29,1,1,CHF,0,-60,349,140,-428
1291,train,ARR,2,207,37,1,1,CHF,0,-288,313,-24,0
1293,train,ARR,2,207,46,1,1,CHF,0,-144,256,84,-196
1296,train,ARR,2,208,2,2,2,ARR,1,-816,192,432,192
1298,train,ARR,2,208,11,2,2,ARR,1,-692,116,436,140
1300,train,ARR,2,208,20,3,2,ARR,1,-684,244,468,-28
1302,train,ARR,2,208,30,2,2,ARR,1,-404,68,336,0
1304,train,ARR,2,208,39,2,2,ARR,1,-152,100,497,-444
1306,train,ARR,2,208,48,0,2,ARR,1,-135,172,412,-448
1309,train,ARR,2,209,8,2,2,ARR,1,-440,-136,409,168
1311,train,ARR,2,209,16,2,3,AFF,0,144,-228,-264,348
1313,train,ARR,2,209,22,0,3,AFF,0,4,-172,44,124
1315,train,ARR,2,209,31,0,3,AFF,0,33,-68,-148,184
1317,train,ARR,2,209,39,0,3,AFF,0,97,-188,-56,148
1319,train,ARR,2,209,51,0,3,AFF,0,-28,-256,-40,324
1322,train,ARR,2,210,36,2,2,ARR,1,-236,-120,694,-336
1323,train,ARR,2,212,1,0,2,ARR,1,133,-40,212,-304
1325,train,ARR,2,212,11,2,2,ARR,1,-292,164,408,-280
1327,train,ARR,2,212,19,2,2,ARR,1,-580,-284,433,432
1329,train,ARR,2,212,27,0,0,NSR,0,258,-20,-148,-88
1331,train,ARR,2,212,35,0,0,NSR,0,150,-12,100,-236
1333,train,ARR,2,212,44,0,0,NSR,0,398,-212,32,-216
1336,train,ARR,2,213,4,2,1,CHF,0,-168,312,12,-156
1338,train,ARR,2,213,11,2,2,ARR,1,48,112,240,-400
1340,train,ARR,2,213,19,0,1,CHF,0,40,268,244,-552
1342,train,ARR,2,213,29,2,1,CHF,0,-132,248,104,-220
1344,train,ARR,2,213,38,2,1,CHF,0,-200,228,44,-72
1346,train,ARR,2,213,49,0,2,ARR,1,52,144,240,-436
1349,train,ARR,2,214,2,2,2,ARR,1,-292,-320,491,124
1351,train,ARR,2,214,11,2,2,ARR,1,-100,-68,763,-592
1353,train,ARR,2,214,20,2,2,ARR,1,64,-44,542,-560
1355,train,ARR,2,214,30,2,2,ARR,1,100,-20,447,-524
1357,train,ARR,2,214,39,2,2,ARR,1,-220,156,678,-612
1359,train,ARR,2,214,48,2,2,ARR,1,-68,-68,719,-580
1362,train,ARR,2,215,1,2,2,ARR,1,-380,-56,340,96
1364,train,ARR,2,215,10,0,2,ARR,1,36,-140,296,-192
1366,train,ARR,2,215,19,2,2,ARR,1,-88,-168,336,-80
1368,train,ARR,2,215,32,0,2,ARR,1,-372,-4,444,-68
1370,train,ARR,2,215,40,2,2,ARR,1,-436,104,533,-200
1372,train,ARR,2,215,49,2,2,ARR,1,-596,176,420,0
1374,train,ARR,2,215,58,0,2,ARR,1,-103,-56,488,-328
1375,train,ARR,2,217,2,2,2,ARR,1,-536,116,277,144
1377,train,ARR,2,217,11,1,1,CHF,0,-112,192,184,-264
1379,train,ARR,2,217,20,2,2,ARR,1,-184,-12,280,-84
1381,train,ARR,2,217,29,2,2,ARR,1,28,-296,618,-348
1383,train,ARR,2,217,39,2,2,ARR,1,-256,4,281,-28
1385,train,ARR,2,217,48,2,2,ARR,1,-112,-44,503,-344
1387,train,ARR,2,217,57,2,2,ARR,1,-376,40,420,-84
1388,train,ARR,2,219,3,3,2,ARR,1,-168,-176,524,-180
1390,train,ARR,2,219,28,0,2,ARR,1,108,-268,176,-16
1392,train,ARR,2,219,40,3,2,ARR,1,4,-148,332,-188
1394,train,ARR,2,220,10,0,0,NSR,0,389,-208,280,-460
1396,train,ARR,2,220,20,0,0,NSR,0,410,-320,56,-144
1398,train,ARR,2,220,27,2,0,NSR,0,240,-216,157,-180
1400,train,ARR,2,220,33,2,0,NSR,0,184,-208,133,-108
1402,train,ARR,2,220,40,2,2,ARR,1,92,-176,129,-44
1404,train,ARR,2,220,42,0,0,NSR,0,379,-284,-32,-60
1406,train,ARR,2,220,59,0,2,ARR,1,226,-220,248,-252
1407,train,ARR,2,221,32,3,2,ARR,1,-512,-92,520,84
1408,train,ARR,2,222,18,2,2,ARR,1,-292,-64,452,-96
1410,train,ARR,2,222,24,2,3,AFF,0,-276,-64,32,308
1412,train,ARR,2,222,29,2,3,AFF,0,-544,-20,264,300
1414,train,ARR,2,222,37,2,2,ARR,1,-484,-156,645,-4
1416,train,ARR,2,222,42,3,2,ARR,1,-156,-160,176,141
1418,train,ARR,2,222,47,2,2,ARR,1,-388,-56,524,-80
1420,train,ARR,2,222,52,2,3,AFF,0,-296,-36,-16,348
1421,train,ARR,2,223,3,0,0,NSR,0,252,108,252,-612
1423,train,ARR,2,223,15,2,2,ARR,1,-96,12,92,-8
1425,train,ARR,2,223,24,2,2,ARR,1,-144,-164,682,-372
1427,train,ARR,2,223,32,0,0,NSR,0,85,-128,24,20
1429,train,ARR,2,223,42,0,0,NSR,0,189,-16,-36,-136
1431,train,ARR,2,223,50,2,2,ARR,1,-244,-128,346,28
1433,train,ARR,2,223,58,2,0,NSR,0,156,-116,104,-144
1434,train,ARR,2,228,2,2,2,ARR,1,-632,272,453,-92
1436,train,ARR,2,228,10,2,2,ARR,1,-444,244,615,-412
1438,train,ARR,2,228,18,3,2,ARR,1,-536,228,284,24
1440,train,ARR,2,228,26,2,2,ARR,1,-692,148,779,-232
1442,train,ARR,2,228,41,2,2,ARR,1,-760,456,701,-396
1444,train,ARR,2,228,50,2,2,ARR,1,-680,104,463,116
1446,train,ARR,2,228,58,2,2,ARR,1,-440,316,594,-468
1447,train,ARR,2,231,1,2,2,ARR,1,268,-204,424,-488
1449,train,ARR,2,231,9,2,2,ARR,1,104,-288,365,-180
1451,train,ARR,2,231,20,2,2,ARR,1,204,-408,325,-120
1453,train,ARR,2,231,28,0,0,NSR,0,238,28,196,-460
1455,train,ARR,2,231,41,2,0,NSR,0,212,-228,202,-184
1457,train,ARR,2,231,50,2,2,ARR,1,104,-324,393,-172
1459,train,ARR,2,231,58,2,2,ARR,1,388,-272,445,-560
1460,train,ARR,2,232,0,2,2,ARR,1,-300,-80,596,-216
1462,train,ARR,2,232,2,2,2,ARR,1,-232,68,560,-396
1464,train,ARR,2,232,4,2,2,ARR,1,-204,0,460,-256
1466,train,ARR,2,232,6,2,2,ARR,1,-256,-108,452,-88
1468,train,ARR,2,232,8,2,2,ARR,1,-420,92,641,-312
1470,train,ARR,2,232,10,2,2,ARR,1,-352,76,496,-220
1472,train,ARR,2,232,12,3,2,ARR,1,-252,140,344,-232
1473,train,ARR,2,233,2,2,2,ARR,1,-748,-76,509,316
1475,train,ARR,2,233,11,2,2,ARR,1,-512,-380,763,132
1477,train,ARR,2,233,20,2,2,ARR,1,-580,-292,646,228
1479,train,ARR,2,233,30,2,2,ARR,1,-552,-200,497,256
1481,train,ARR,2,233,39,2,2,ARR,1,-688,-288,785,192
1483,train,ARR,2,233,48,2,2,ARR,1,-584,-104,655,36
1485,train,ARR,2,233,57,2,2,ARR,1,-488,-312,650,152
1486,train,ARR,2,234,28,0,2,ARR,1,-39,-84,64,60
1487,train,ARR,2,x_108,0,3,2,ARR,1,-308,-40,376,-28
1489,train,ARR,2,x_109,0,2,2,ARR,1,-124,192,337,-404
1491,train,ARR,2,x_109,3,2,2,ARR,1,-320,64,425,-168
1493,train,ARR,2,x_109,6,2,2,ARR,1,44,-24,440,-460
1495,train,ARR,2,x_109,9,2,2,ARR,1,-36,100,516,-580
1497,train,ARR,2,x_109,12,2,2,ARR,1,-136,-20,545,-388
1499,train,ARR,2,x_109,15,2,2,ARR,1,-224,76,549,-400
1501,train,ARR,2,x_109,18,2,2,ARR,1,-108,-28,261,-124
1502,train,ARR,2,x_111,0,2,2,ARR,1,-272,180,261,-168
1504,train,ARR,2,x_111,3,2,1,CHF,0,-200,224,192,-216
1506,train,ARR,2,x_111,6,2,2,ARR,1,-148,160,305,-316
1508,train,ARR,2,x_111,9,2,2,ARR,1,-232,152,237,-156
1510,train,ARR,2,x_111,12,2,2,ARR,1,-132,164,200,-232
1512,train,ARR,2,x_111,15,2,2,ARR,1,-64,152,485,-572
1514,train,ARR,2,x_111,18,2,2,ARR,1,-244,112,321,-188
1515,train,ARR,2,x_113,13,2,2,ARR,1,-156,-312,669,-200
1516,train,ARR,2,x_114,8,3,1,CHF,0,-232,164,164,-96
1518,train,ARR,2,x_114,11,2,2,ARR,1,-276,189,201,-112
1520,train,ARR,2,x_114,13,2,2,ARR,1,-328,32,268,28
1522,train,ARR,2,x_114,15,2,2,ARR,1,-352,80,445,-172
1524,train,ARR,2,x_114,17,2,2,ARR,1,-412,156,256,0
1526,train,ARR,2,x_116,3,2,2,ARR,1,268,168,332,-768
1528,train,ARR,2,x_116,8,2,2,ARR,1,-172,232,329,-388
1530,train,ARR,2,x_116,12,2,2,ARR,1,12,180,401,-592
1532,train,ARR,2,x_116,14,2,2,ARR,1,-192,296,302,-404
1534,train,ARR,2,x_116,16,2,2,ARR,1,-220,352,477,-608
1537,train,ARR,2,x_124,0,2,2,ARR,1,216,-228,482,-468
1539,train,ARR,2,x_124,3,2,2,ARR,1,96,-196,357,-256
1541,train,ARR,2,x_124,6,2,2,ARR,1,152,-264,505,-392
1543,train,ARR,2,x_124,9,2,2,ARR,1,24,-108,465,-380
1545,train,ARR,2,x_124,12,2,2,ARR,1,196,-32,305,-468
1547,train,ARR,2,x_124,15,2,2,ARR,1,120,-228,417,-308
1549,train,ARR,2,x_124,18,2,2,ARR,1,76,-112,240,-204
1550,train,ARR,2,x_220,10,0,0,NSR,0,389,-208,280,-460
1553,train,ARR,2,x_222,17,2,2,ARR,1,-476,160,336,-20
1555,train,ARR,2,x_223,2,2,2,ARR,1,144,-52,149,-240
1557,train,ARR,2,x_223,4,2,2,ARR,1,-176,-12,321,-132
1559,train,ARR,2,x_223,6,0,1,CHF,0,4,32,-44,8
1561,train,ARR,2,x_223,9,2,2,ARR,1,-184,84,124,-24
1563,train,ARR,2,x_223,14,0,0,NSR,0,192,-40,32,-184
1565,train,ARR,2,x_223,16,1,1,CHF,0,144,184,-144,-184
1567,train,ARR,2,x_223,18,1,1,CHF,0,-152,236,-68,-16
1568,train,ARR,2,x_228,0,2,2,ARR,1,-616,160,603,-144
1570,train,ARR,2,x_228,3,2,2,ARR,1,-496,-48,553,-8
1572,train,ARR,2,x_228,6,2,2,ARR,1,-480,20,644,-184
1574,train,ARR,2,x_228,9,2,2,ARR,1,-488,132,391,-32
1576,train,ARR,2,x_228,12,3,3,AFF,0,-288,-308,244,353
1578,train,ARR,2,x_228,15,2,2,ARR,1,-180,248,726,-792
1580,train,ARR,2,x_228,18,3,2,ARR,1,-536,228,284,24
1581,train,ARR,2,x_231,0,2,2,ARR,1,136,-408,413,-140
1583,train,ARR,2,x_231,3,2,2,ARR,1,248,-76,371,-540
1585,train,ARR,2,x_231,5,2,2,ARR,1,192,-168,448,-472
1587,train,ARR,2,x_231,8,2,2,ARR,1,120,-256,278,-140
1589,train,ARR,2,x_231,10,2,2,ARR,1,104,-348,505,-260
1591,train,ARR,2,x_231,13,2,2,ARR,1,-36,-72,465,-356
1593,train,ARR,2,x_232,0,2,2,ARR,1,-300,-80,596,-216
1595,train,ARR,2,x_232,2,2,2,ARR,1,-232,68,560,-396
1597,train,ARR,2,x_232,4,2,2,ARR,1,-204,0,460,-256
1599,train,ARR,2,x_232,7,2,2,ARR,1,-308,84,261,-36
1601,train,ARR,2,x_232,9,2,2,ARR,1,-188,-44,468,-236
1603,train,ARR,2,x_232,11,3,2,ARR,1,-404,120,408,-124
1605,train,ARR,2,x_233,0,2,2,ARR,1,-612,-320,778,156
1607,train,ARR,2,x_233,3,2,2,ARR,1,-612,176,602,-164
1609,train,ARR,2,x_233,7,2,2,ARR,1,-724,-36,667,96
1611,train,ARR,2,x_233,10,2,2,ARR,1,-464,-420,546,340
1613,train,ARR,2,x_233,13,2,2,ARR,1,-440,-268,718,-8
1615,train,ARR,2,x_233,16,2,2,ARR,1,-424,-400,865,-40
1617,train,AFF,3,06426,4,2,3,AFF,1,-756,156,160,440
1619,train,AFF,3,06426,21,2,3,AFF,1,-700,-204,156,748
1621,train,AFF,3,06426,38,2,3,AFF,1,-464,-144,296,312
1623,train,AFF,3,06426,55,3,3,AFF,1,-628,200,-32,460
1625,train,AFF,3,06426,72,3,3,AFF,1,-488,-60,52,498
1627,train,AFF,3,06426,89,2,2,ARR,0,-956,364,408,184
1629,train,AFF,3,06426,106,2,3,AFF,1,-520,-60,-28,608
1631,train,AFF,3,06426,123,2,3,AFF,1,-540,-152,212,480
1633,train,AFF,3,06426,140,2,3,AFF,1,-884,248,133,504
1635,train,AFF,3,06426,157,2,3,AFF,1,-960,252,46,664
1637,train,AFF,3,06426,174,2,2,ARR,0,-452,-292,373,372
1639,train,AFF,3,06426,191,3,3,AFF,1,-644,-36,-188,868
1641,train,AFF,3,06426,208,3,3,AFF,1,-832,120,-88,800
1643,train,AFF,3,06426,225,2,3,AFF,1,-660,-8,-124,792
1645,train,AFF,3,06426,242,2,3,AFF,1,-628,-76,80,624
1647,train,AFF,3,06426,259,2,3,AFF,1,-148,-132,-60,340
1649,train,AFF,3,06426,276,2,3,AFF,1,-340,-160,166,336
1651,train,AFF,3,06426,293,2,3,AFF,1,-780,-52,172,660
1653,train,AFF,3,06426,311,2,3,AFF,1,-700,64,260,376
1655,train,AFF,3,06426,328,3,3,AFF,1,-456,-16,40,433
1657,train,AFF,3,06426,345,3,3,AFF,1,-400,4,164,233
1659,train,AFF,3,06426,362,2,3,AFF,1,-580,28,260,292
1661,train,AFF,3,06426,379,2,3,AFF,1,-860,-44,104,800
1663,train,AFF,3,06426,396,3,3,AFF,1,-740,-4,72,672
1665,train,AFF,3,06426,413,3,3,AFF,1,-376,-344,-32,754
1667,train,AFF,3,06426,430,3,3,AFF,1,-596,-72,-112,780
1669,train,AFF,3,06426,447,3,3,AFF,1,-492,-152,288,356
1671,train,AFF,3,06426,464,3,3,AFF,1,-752,-12,68,696
1673,train,AFF,3,06426,481,3,3,AFF,1,-372,-296,0,669
1675,train,AFF,3,06426,498,2,3,AFF,1,-604,-216,241,580
1677,train,AFF,3,06426,515,3,3,AFF,1,-628,112,-340,856
1679,train,AFF,3,06426,532,3,3,AFF,1,-388,-220,-72,681
1681,train,AFF,3,06426,549,2,3,AFF,1,-504,-224,-64,792
1683,train,AFF,3,06426,566,3,3,AFF,1,-500,-52,-416,969
1685,train,AFF,3,06426,583,2,3,AFF,1,-560,-148,169,540
1687,train,AFF,3,06426,600,3,3,AFF,1,-844,-44,244,644
1689,train,AFF,3,06426,617,3,3,AFF,1,-684,-52,4,732
1691,train,AFF,3,06426,634,3,3,AFF,1,-640,-36,-104,780
1693,train,AFF,3,06426,651,3,3,AFF,1,-516,-88,32,573
1695,train,AFF,3,06426,668,2,3,AFF,1,-836,-136,373,600
1697,train,AFF,3,06426,685,3,3,AFF,1,-268,-480,64,685
1699,train,AFF,3,06426,702,2,3,AFF,1,-816,-12,208,620
1701,train,AFF,3,06426,720,3,3,AFF,1,-440,-32,-316,788
1703,train,AFF,3,06426,737,3,3,AFF,1,-640,64,12,564
1705,train,AFF,3,06426,754,3,3,AFF,1,-744,52,0,693
1707,train,AFF,3,06426,771,3,3,AFF,1,-600,-44,-48,692
1709,train,AFF,3,06426,788,3,3,AFF,1,-516,-144,-24,684
1711,train,AFF,3,06426,805,3,3,AFF,1,-840,152,-204,892
1713,train,AFF,3,06426,822,0,3,AFF,1,40,-16,-260,236
1715,train,AFF,3,06426,839,3,3,AFF,1,-608,-96,-268,973
1717,train,AFF,3,06426,856,1,3,AFF,1,-732,112,-276,896
1719,train,AFF,3,06426,873,3,3,AFF,1,-692,-112,-208,1013
1721,train,AFF,3,06426,890,3,3,AFF,1,-804,56,-240,988
1723,train,AFF,3,06426,907,3,3,AFF,1,-812,-84,-188,1085
1725,train,AFF,3,06426,924,2,3,AFF,1,-620,-204,76,748
1727,train,AFF,3,06426,941,3,3,AFF,1,-240,-132,-156,529
1729,train,AFF,3,06426,958,1,3,AFF,1,-704,52,-140,792
1731,train,AFF,3,06426,975,2,3,AFF,1,-808,56,92,660
1733,train,AFF,3,06426,992,2,3,AFF,1,-700,-48,256,492
1735,train,AFF,3,06426,1009,3,2,ARR,0,-584,256,300,28
1737,train,AFF,3,06426,1026,2,2,ARR,0,-720,-52,401,372
1739,train,AFF,3,06426,1043,2,3,AFF,1,-684,-68,144,608
1741,train,AFF,3,06426,1060,3,3,AFF,1,-520,-20,-32,573
1743,train,AFF,3,06426,1077,2,3,AFF,1,-192,-464,180,476
1745,train,AFF,3,06426,1094,3,3,AFF,1,-224,-368,-48,642
1747,train,AFF,3,06426,1111,3,3,AFF,1,-628,-152,216,564
1749,train,AFF,3,06426,1129,3,3,AFF,1,-572,-180,-44,796
1751,train,AFF,3,06426,1146,2,3,AFF,1,-664,-192,280,576
1753,train,AFF,3,06426,1163,2,2,ARR,0,-888,-176,637,428
1755,train,AFF,3,06426,1180,2,2,ARR,0,-944,8,569,368
1758,train,AFF,3,06995,4,3,3,AFF,1,-212,-200,-312,724
1760,train,AFF,3,06995,21,3,3,AFF,1,-232,-200,-272,704
1762,train,AFF,3,06995,38,3,3,AFF,1,-472,-140,-148,761
1764,train,AFF,3,06995,55,3,3,AFF,1,-196,-76,60,212
1766,train,AFF,3,06995,72,3,3,AFF,1,-392,-192,-316,902
1768,train,AFF,3,06995,89,0,3,AFF,1,237,-556,-440,760
1770,train,AFF,3,06995,106,3,3,AFF,1,-244,-176,-352,773
1772,train,AFF,3,06995,123,3,3,AFF,1,-456,-56,-112,626
1774,train,AFF,3,06995,140,3,3,AFF,1,-164,-228,-88,480
1776,train,AFF,3,06995,157,3,3,AFF,1,-448,-16,-100,564
1778,train,AFF,3,06995,174,3,3,AFF,1,-408,-132,56,484
1780,train,AFF,3,06995,191,3,3,AFF,1,-264,-184,32,416
1782,train,AFF,3,06995,208,3,3,AFF,1,-468,-88,4,553
1784,train,AFF,3,06995,225,2,3,AFF,1,68,-240,-12,184
1786,train,AFF,3,06995,242,3,3,AFF,1,-304,-152,116,341
1788,train,AFF,3,06995,259,0,0,NSR,0,169,-152,-148,132
1790,train,AFF,3,06995,276,2,3,AFF,1,112,-312,-7,208
1792,train,AFF,3,06995,293,0,3,AFF,1,-160,-200,-112,472
1794,train,AFF,3,06995,311,0,3,AFF,1,-31,-152,-232,416
1796,train,AFF,3,06995,328,2,3,AFF,1,-112,-196,8,300
1798,train,AFF,3,06995,345,2,3,AFF,1,-76,-224,-76,376
1800,train,AFF,3,06995,362,0,3,AFF,1,-7,-348,-272,628
1802,train,AFF,3,06995,379,3,3,AFF,1,-328,8,36,284
1804,train,AFF,3,06995,396,0,3,AFF,1,8,-220,-364,576
1806,train,AFF,3,06995,413,2,3,AFF,1,16,-144,-236,364
1808,train,AFF,3,06995,430,2,2,ARR,0,-84,-164,360,-112
1810,train,AFF,3,06995,447,2,3,AFF,1,-132,-140,81,192
1812,train,AFF,3,06995,464,2,3,AFF,1,12,-232,-120,340
1814,train,AFF,3,06995,481,0,3,AFF,1,65,-180,-212,328
1816,train,AFF,3,06995,498,0,3,AFF,1,65,-48,-116,100
1818,train,AFF,3,06995,515,2,3,AFF,1,-152,-184,-60,396
1820,train,AFF,3,06995,532,0,3,AFF,1,124,-208,-80,164
1822,train,AFF,3,06995,549,3,3,AFF,1,-284,-244,-352,881
1824,train,AFF,3,06995,566,3,3,AFF,1,-312,-180,-212,704
1826,train,AFF,3,06995,583,3,3,AFF,1,-148,-228,-240,616
1828,train,AFF,3,06995,600,0,3,AFF,1,-120,-172,-236,528
1830,train,AFF,3,06995,617,0,3,AFF,1,-55,-40,-188,284
1832,train,AFF,3,06995,634,0,3,AFF,1,-88,-192,-336,616
1834,train,AFF,3,06995,651,0,3,AFF,1,141,-116,-204,180
1836,train,AFF,3,06995,668,0,3,AFF,1,88,-308,-268,488
1838,train,AFF,3,06995,685,3,3,AFF,1,-188,-260,-164,612
1840,train,AFF,3,06995,702,0,3,AFF,1,41,-216,-112,288
1842,train,AFF,3,06995,720,3,3,AFF,1,-572,-92,-80,746
1844,train,AFF,3,06995,737,0,3,AFF,1,141,-280,-344,484
1846,train,AFF,3,06995,754,2,3,AFF,1,-140,-196,-168,504
1848,train,AFF,3,06995,771,3,3,AFF,1,-404,-76,72,408
1850,train,AFF,3,06995,788,2,3,AFF,1,32,-208,-136,312
1852,train,AFF,3,06995,805,2,3,AFF,1,-108,-184,-140,432
1854,train,AFF,3,06995,822,2,3,AFF,1,-448,-64,193,320
1856,train,AFF,3,06995,839,2,3,AFF,1,-688,-52,233,508
1858,train,AFF,3,06995,856,2,3,AFF,1,-76,-144,-28,248
1860,train,AFF,3,06995,873,3,3,AFF,1,-624,36,12,577
1862,train,AFF,3,06995,890,3,3,AFF,1,-640,32,-8,618
1864,train,AFF,3,06995,907,3,3,AFF,1,-620,-4,160,466
1866,train,AFF,3,06995,924,3,3,AFF,1,-608,-72,104,577
1868,train,AFF,3,06995,941,3,3,AFF,1,-456,-72,-140,668
1870,train,AFF,3,06995,958,3,3,AFF,1,-668,-36,104,602
1872,train,AFF,3,06995,975,3,3,AFF,1,-472,-64,-104,640
1874,train,AFF,3,06995,992,3,3,AFF,1,-504,-160,-264,929
1876,train,AFF,3,06995,1009,3,3,AFF,1,-464,-104,-228,798
1878,train,AFF,3,06995,1026,3,3,AFF,1,-284,-236,-176,696
1880,train,AFF,3,06995,1043,3,3,AFF,1,-380,-88,-192,661
1882,train,AFF,3,06995,1060,3,3,AFF,1,-492,-96,36,552
1884,train,AFF,3,06995,1077,3,3,AFF,1,-380,-192,-16,589
1886,train,AFF,3,06995,1094,3,3,AFF,1,-380,-172,-156,709
1888,train,AFF,3,06995,1111,3,3,AFF,1,-412,-136,-68,617
1890,train,AFF,3,06995,1129,3,3,AFF,1,-412,-156,-288,857
1892,train,AFF,3,06995,1146,3,3,AFF,1,-440,-204,-144,789
1894,train,AFF,3,06995,1163,3,3,AFF,1,-460,-192,-100,753
1896,train,AFF,3,06995,1180,3,3,AFF,1,-692,-12,264,442
1898,train,AFF,3,06995,1197,3,3,AFF,1,-608,-20,196,433
1899,train,AFF,3,07162,4,2,3,AFF,1,-12,-12,-151,176
1901,train,AFF,3,07162,21,1,3,AFF,1,-192,177,-304,320
1903,train,AFF,3,07162,38,1,3,AFF,1,-192,177,-304,320
1905,train,AFF,3,07162,55,1,3,AFF,1,-188,229,-304,264
1907,train,AFF,3,07162,72,1,3,AFF,1,-188,229,-304,264
1909,train,AFF,3,07162,89,1,3,AFF,1,-188,229,-304,264
1911,train,AFF,3,07162,106,1,3,AFF,1,-192,177,-304,320
1913,train,AFF,3,07162,123,2,3,AFF,1,108,-180,-236,308
1915,train,AFF,3,07162,140,1,3,AFF,1,-188,229,-304,264
1917,train,AFF,3,07162,157,1,3,AFF,1,-188,229,-304,264
1919,train,AFF,3,07162,174,2,3,AFF,1,-176,-120,20,276
1921,train,AFF,3,07162,191,1,3,AFF,1,-188,229,-304,264
1923,train,AFF,3,07162,208,1,3,AFF,1,-192,177,-304,320
1925,train,AFF,3,07162,225,1,3,AFF,1,-192,177,-304,320
1927,train,AFF,3,07162,242,1,3,AFF,1,-192,177,-304,320
1929,train,AFF,3,07162,259,1,3,AFF,1,-192,177,-304,320
1931,train,AFF,3,07162,276,1,3,AFF,1,-192,177,-304,320
1933,train,AFF,3,07162,293,1,3,AFF,1,-192,177,-304,320
1935,train,AFF,3,07162,311,1,3,AFF,1,-192,177,-304,320
1937,train,AFF,3,07162,328,1,3,AFF,1,-192,177,-304,320
1939,train,AFF,3,07162,345,1,3,AFF,1,-192,177,-304,320
1941,train,AFF,3,07162,362,1,3,AFF,1,-192,177,-304,320
1943,train,AFF,3,07162,379,1,3,AFF,1,-192,177,-304,320
1945,train,AFF,3,07162,396,1,3,AFF,1,-192,177,-304,320
1947,train,AFF,3,07162,413,1,3,AFF,1,-192,177,-304,320
1949,train,AFF,3,07162,430,1,3,AFF,1,-192,177,-304,320
1951,train,AFF,3,07162,447,1,3,AFF,1,-192,177,-304,320
1953,train,AFF,3,07162,464,1,3,AFF,1,-192,177,-304,320
1955,train,AFF,3,07162,481,1,3,AFF,1,-192,177,-304,320
1957,train,AFF,3,07162,498,1,3,AFF,1,-192,177,-304,320
1959,train,AFF,3,07162,515,1,3,AFF,1,-192,177,-304,320
1961,train,AFF,3,07162,532,1,3,AFF,1,-192,177,-304,320
1963,train,AFF,3,07162,549,1,3,AFF,1,-192,177,-304,320
1965,train,AFF,3,07162,566,1,3,AFF,1,-192,177,-304,320
1967,train,AFF,3,07162,583,1,3,AFF,1,-192,177,-304,320
1969,train,AFF,3,07162,600,1,1,CHF,0,-140,262,-296,176
1971,train,AFF,3,07162,617,1,3,AFF,1,-192,177,-304,320
1973,train,AFF,3,07162,634,1,3,AFF,1,-192,177,-304,320
1975,train,AFF,3,07162,651,1,3,AFF,1,-192,177,-304,320
1977,train,AFF,3,07162,668,1,3,AFF,1,-192,177,-304,320
1979,train,AFF,3,07162,685,1,3,AFF,1,-192,177,-304,320
1981,train,AFF,3,07162,702,1,3,AFF,1,-192,177,-304,320
1983,train,AFF,3,07162,720,1,3,AFF,1,-192,177,-304,320
1985,train,AFF,3,07162,737,1,3,AFF,1,-192,177,-304,320
1987,train,AFF,3,07162,754,1,3,AFF,1,-192,177,-304,320
1989,train,AFF,3,07162,771,1,3,AFF,1,-192,177,-304,320
1991,train,AFF,3,07162,788,1,3,AFF,1,-192,177,-304,320
1993,train,AFF,3,07162,805,1,3,AFF,1,-192,177,-304,320
1995,train,AFF,3,07162,822,1,3,AFF,1,-192,177,-304,320
1997,train,AFF,3,07162,839,1,3,AFF,1,-192,177,-304,320
1999,train,AFF,3,07162,856,1,3,AFF,1,-192,177,-304,320
2001,train,AFF,3,07162,873,1,3,AFF,1,-192,177,-304,320
2003,train,AFF,3,07162,890,1,3,AFF,1,-188,229,-304,264
2005,train,AFF,3,07162,907,1,3,AFF,1,-192,177,-304,320
2007,train,AFF,3,07162,924,1,3,AFF,1,-192,177,-304,320
2009,train,AFF,3,07162,941,1,3,AFF,1,-192,177,-304,320
2011,train,AFF,3,07162,958,1,3,AFF,1,-188,229,-304,264
2013,train,AFF,3,07162,975,1,3,AFF,1,-192,177,-304,320
2015,train,AFF,3,07162,992,1,3,AFF,1,-192,177,-304,320
2017,train,AFF,3,07162,1009,1,3,AFF,1,-192,177,-304,320
2019,train,AFF,3,07162,1026,1,3,AFF,1,-192,177,-304,320
2021,train,AFF,3,07162,1043,1,3,AFF,1,-192,177,-304,320
2023,train,AFF,3,07162,1060,1,3,AFF,1,-192,177,-304,320
2025,train,AFF,3,07162,1077,1,3,AFF,1,-192,177,-304,320
2027,train,AFF,3,07162,1094,1,3,AFF,1,-192,177,-304,320
2029,train,AFF,3,07162,1111,1,3,AFF,1,-192,177,-304,320
2031,train,AFF,3,07162,1129,1,3,AFF,1,-192,177,-304,320
2033,train,AFF,3,07162,1146,1,3,AFF,1,-192,177,-304,320
2035,train,AFF,3,07162,1163,1,3,AFF,1,-192,177,-304,320
2037,train,AFF,3,07162,1180,1,3,AFF,1,-192,177,-304,320
2039,train,AFF,3,07162,1197,1,3,AFF,1,-192,177,-304,320
2040,train,AFF,3,07859,4,3,3,AFF,1,-604,280,-280,604
2042,train,AFF,3,07859,21,3,3,AFF,1,-556,212,52,292
2044,train,AFF,3,07859,38,2,3,AFF,1,-676,264,24,388
2046,train,AFF,3,07859,55,3,2,ARR,0,-496,144,224,128
2048,train,AFF,3,07859,72,2,2,ARR,0,-492,180,429,-116
2050,train,AFF,3,07859,89,1,3,AFF,1,-208,256,-612,564
2052,train,AFF,3,07859,106,1,3,AFF,1,-532,332,-268,468
2054,train,AFF,3,07859,123,1,3,AFF,1,-324,244,-628,708
2056,train,AFF,3,07859,140,2,3,AFF,1,-492,120,36,336
2058,train,AFF,3,07859,157,2,3,AFF,1,-332,-20,0,352
2060,train,AFF,3,07859,174,2,3,AFF,1,-624,92,249,284
2062,train,AFF,3,07859,191,3,3,AFF,1,-432,64,120,248
2064,train,AFF,3,07859,208,3,3,AFF,1,-528,112,-392,808
2066,train,AFF,3,07859,225,3,1,CHF,0,-912,448,100,364
2068,train,AFF,3,07859,242,3,3,AFF,1,-724,116,-220,828
2070,train,AFF,3,07859,259,3,3,AFF,1,-872,264,-88,697
2072,train,AFF,3,07859,276,2,3,AFF,1,-460,20,-8,448
2074,train,AFF,3,07859,293,1,3,AFF,1,-336,276,-500,560
2076,train,AFF,3,07859,311,1,3,AFF,1,-336,268,-344,412
2078,train,AFF,3,07859,328,2,3,AFF,1,-416,-4,-96,516
2080,train,AFF,3,07859,345,3,3,AFF,1,-712,252,-244,704
2082,train,AFF,3,07859,362,3,3,AFF,1,-644,240,48,356
2084,train,AFF,3,07859,379,1,3,AFF,1,-444,192,-400,652
2086,train,AFF,3,07859,396,1,3,AFF,1,-568,328,-104,344
2088,train,AFF,3,07859,413,3,3,AFF,1,-600,172,-344,772
2090,train,AFF,3,07859,430,2,3,AFF,1,-528,-60,92,496
2092,train,AFF,3,07859,447,1,3,AFF,1,-464,260,-364,568
2094,train,AFF,3,07859,464,1,3,AFF,1,-580,348,-500,732
2096,train,AFF,3,07859,481,1,3,AFF,1,-284,193,-324,416
2098,train,AFF,3,07859,498,1,3,AFF,1,-404,233,-364,536
2100,train,AFF,3,07859,515,1,1,CHF,0,-256,316,-116,56
2102,train,AFF,3,07859,532,2,3,AFF,1,-456,68,76,312
2104,train,AFF,3,07859,549,1,3,AFF,1,-428,388,-388,428
2106,train,AFF,3,07859,566,2,3,AFF,1,-568,224,28,316
2108,train,AFF,3,07859,583,2,2,ARR,0,-604,96,436,72
2110,train,AFF,3,07859,600,2,3,AFF,1,-780,116,248,416
2112,train,AFF,3,07859,617,2,3,AFF,1,-604,124,152,328
2114,train,AFF,3,07859,634,2,3,AFF,1,-680,100,220,360
2116,train,AFF,3,07859,651,1,3,AFF,1,-492,460,-532,564
2118,train,AFF,3,07859,668,2,3,AFF,1,-484,68,16,400
2120,train,AFF,3,07859,685,1,3,AFF,1,-392,353,-488,528
2122,train,AFF,3,07859,702,1,3,AFF,1,-272,172,-268,368
2124,train,AFF,3,07859,720,1,3,AFF,1,-428,232,-320,516
2126,train,AFF,3,07859,737,1,3,AFF,1,-612,328,-544,828
2128,train,AFF,3,07859,754,1,3,AFF,1,-328,288,-568,608
2130,train,AFF,3,07859,771,2,3,AFF,1,-548,56,-104,596
2132,train,AFF,3,07859,788,2,3,AFF,1,-728,240,104,384
2134,train,AFF,3,07859,805,1,3,AFF,1,-560,321,-372,612
2136,train,AFF,3,07859,822,2,3,AFF,1,-644,128,-116,632
2138,train,AFF,3,07859,839,1,3,AFF,1,-428,184,-444,688
2140,train,AFF,3,07859,856,2,3,AFF,1,-524,164,-140,500
2142,train,AFF,3,07859,873,3,3,AFF,1,-596,316,-192,472
2144,train,AFF,3,07859,890,1,3,AFF,1,-508,373,-472,608
2146,train,AFF,3,07859,907,3,3,AFF,1,-812,204,-344,952
2148,train,AFF,3,07859,924,3,3,AFF,1,-768,392,-148,524
2150,train,AFF,3,07859,941,1,3,AFF,1,-564,344,-416,636
2152,train,AFF,3,07859,958,2,3,AFF,1,-504,160,-116,460
2154,train,AFF,3,07859,975,1,1,CHF,0,-148,324,-392,216
